-2,-2,4,3.27794
-2,-1.9,3.8,3.17387
-2,-1.8,3.6,3.06235
-2,-1.7,3.4,2.94338
-2,-1.6,3.2,2.81699
-2,-1.5,3,2.68327
-2,-1.4,2.8,2.54231
-2,-1.3,2.6,2.3943
-2,-1.2,2.4,2.23943
-2,-1.1,2.2,2.07797
-2,-1,2,1.91024
-2,-0.9,1.8,1.73661
-2,-0.8,1.6,1.55749
-2,-0.7,1.4,1.37339
-2,-0.6,1.2,1.18481
-2,-0.5,1,0.992358
-2,-0.4,0.8,0.796645
-2,-0.3,0.6,0.598336
-2,-0.2,0.4,0.398127
-2,-0.1,0.2,0.196737
-2,6.38378e-16,-1.27676e-15,-0.00510159
-2,0.1,-0.2,-0.206647
-2,0.2,-0.4,-0.407161
-2,0.3,-0.6,-0.605918
-2,0.4,-0.8,-0.802212
-2,0.5,-1,-0.995363
-2,0.6,-1.2,-1.18473
-2,0.7,-1.4,-1.36971
-2,0.8,-1.6,-1.54975
-2,0.9,-1.8,-1.72434
-2,1,-2,-1.89304
-2,1.1,-2.2,-2.05545
-2,1.2,-2.4,-2.21122
-2,1.3,-2.6,-2.36008
-2,1.4,-2.8,-2.50178
-2,1.5,-3,-2.63614
-2,1.6,-3.2,-2.76303
-2,1.7,-3.4,-2.88236
-2,1.8,-3.6,-2.99407
-2,1.9,-3.8,-3.09816
-1.9,-2,3.8,3.17405
-1.9,-1.9,3.61,3.07348
-1.9,-1.8,3.42,2.96564
-1.9,-1.7,3.23,2.85053
-1.9,-1.6,3.04,2.7282
-1.9,-1.5,2.85,2.59872
-1.9,-1.4,2.66,2.46221
-1.9,-1.3,2.47,2.31884
-1.9,-1.2,2.28,2.16881
-1.9,-1.1,2.09,2.0124
-1.9,-1,1.9,1.8499
-1.9,-0.9,1.71,1.68169
-1.9,-0.8,1.52,1.50818
-1.9,-0.7,1.33,1.32984
-1.9,-0.6,1.14,1.14719
-1.9,-0.5,0.95,0.960786
-1.9,-0.4,0.76,0.771236
-1.9,-0.3,0.57,0.57918
-1.9,-0.2,0.38,0.385291
-1.9,-0.1,0.19,0.19026
-1.9,6.38378e-16,-1.21292e-15,-0.00520434
-1.9,0.1,-0.19,-0.200388
-1.9,0.2,-0.38,-0.39458
-1.9,0.3,-0.57,-0.587079
-1.9,0.4,-0.76,-0.777201
-1.9,0.5,-0.95,-0.964293
-1.9,0.6,-1.14,-1.14773
-1.9,0.7,-1.33,-1.32693
-1.9,0.8,-1.52,-1.50135
-1.9,0.9,-1.71,-1.67051
-1.9,1,-1.9,-1.83395
-1.9,1.1,-2.09,-1.9913
-1.9,1.2,-2.28,-2.14221
-1.9,1.3,-2.47,-2.2864
-1.9,1.4,-2.66,-2.42363
-1.9,1.5,-2.85,-2.55373
-1.9,1.6,-3.04,-2.67654
-1.9,1.7,-3.23,-2.79198
-1.9,1.8,-3.42,-2.89998
-1.9,1.9,-3.61,-3.00053
-1.8,-2,3.6,3.0627
-1.8,-1.9,3.42,2.96581
-1.8,-1.8,3.24,2.86184
-1.8,-1.7,3.06,2.75081
-1.8,-1.6,2.88,2.63277
-1.8,-1.5,2.7,2.50781
-1.8,-1.4,2.52,2.37603
-1.8,-1.3,2.34,2.23762
-1.8,-1.2,2.16,2.09278
-1.8,-1.1,1.98,1.94177
-1.8,-1,1.8,1.7849
-1.8,-0.9,1.62,1.62252
-1.8,-0.8,1.44,1.45504
-1.8,-0.7,1.26,1.28291
-1.8,-0.6,1.08,1.10664
-1.8,-0.5,0.9,0.926756
-1.8,-0.4,0.72,0.743855
-1.8,-0.3,0.54,0.558549
-1.8,-0.2,0.36,0.371482
-1.8,-0.1,0.18,0.183319
-1.8,6.38378e-16,-1.14908e-15,-0.00526201
-1.8,0.1,-0.18,-0.193575
-1.8,0.2,-0.36,-0.380938
-1.8,0.3,-0.54,-0.566677
-1.8,0.4,-0.72,-0.750137
-1.8,0.5,-0.9,-0.930687
-1.8,0.6,-1.08,-1.10773
-1.8,0.7,-1.26,-1.28069
-1.8,0.8,-1.44,-1.44906
-1.8,0.9,-1.62,-1.61236
-1.8,1,-1.8,-1.77016
-1.8,1.1,-1.98,-1.92207
-1.8,1.2,-2.16,-2.06776
-1.8,1.3,-2.34,-2.20696
-1.8,1.4,-2.52,-2.33942
-1.8,1.5,-2.7,-2.46497
-1.8,1.6,-2.88,-2.58346
-1.8,1.7,-3.06,-2.69478
-1.8,1.8,-3.24,-2.79887
-1.8,1.9,-3.42,-2.89571
-1.7,-2,3.4,2.94388
-1.7,-1.9,3.23,2.85084
-1.7,-1.8,3.06,2.75096
-1.7,-1.7,2.89,2.64424
-1.7,-1.6,2.72,2.53075
-1.7,-1.5,2.55,2.41057
-1.7,-1.4,2.38,2.28383
-1.7,-1.3,2.21,2.1507
-1.7,-1.2,2.04,2.01139
-1.7,-1.1,1.87,1.86616
-1.7,-1,1.7,1.71529
-1.7,-0.9,1.53,1.55915
-1.7,-0.8,1.36,1.39812
-1.7,-0.7,1.19,1.23264
-1.7,-0.6,1.02,1.0632
-1.7,-0.5,0.85,0.890312
-1.7,-0.4,0.68,0.714539
-1.7,-0.3,0.51,0.53647
-1.7,-0.2,0.34,0.356719
-1.7,-0.1,0.17,0.175921
-1.7,6.38378e-16,-1.08524e-15,-0.00527494
-1.7,0.1,-0.17,-0.186217
-1.7,0.2,-0.34,-0.366253
-1.7,0.3,-0.51,-0.544741
-1.7,0.4,-0.68,-0.721054
-1.7,0.5,-0.85,-0.894589
-1.7,0.6,-1.02,-1.06477
-1.7,0.7,-1.19,-1.23105
-1.7,0.8,-1.36,-1.39294
-1.7,0.9,-1.53,-1.54996
-1.7,1,-1.7,-1.70171
-1.7,1.1,-1.87,-1.84781
-1.7,1.2,-2.04,-1.98794
-1.7,1.3,-2.21,-2.12181
-1.7,1.4,-2.38,-2.2492
-1.7,1.5,-2.55,-2.36992
-1.7,1.6,-2.72,-2.48382
-1.7,1.7,-2.89,-2.59079
-1.7,1.8,-3.06,-2.69076
-1.7,1.9,-3.23,-2.78371
-1.6,-2,3.2,2.81762
-1.6,-1.9,3.04,2.72863
-1.6,-1.8,2.88,2.63304
-1.6,-1.7,2.72,2.53087
-1.6,-1.6,2.56,2.42218
-1.6,-1.5,2.4,2.30708
-1.6,-1.4,2.24,2.18568
-1.6,-1.3,2.08,2.05816
-1.6,-1.2,1.92,1.92472
-1.6,-1.1,1.76,1.78562
-1.6,-1,1.6,1.64115
-1.6,-0.9,1.44,1.49165
-1.6,-0.8,1.28,1.33749
-1.6,-0.7,1.12,1.1791
-1.6,-0.6,0.96,1.01694
-1.6,-0.5,0.8,0.851507
-1.6,-0.4,0.64,0.683331
-1.6,-0.3,0.48,0.512976
-1.6,-0.2,0.32,0.341024
-1.6,-0.1,0.16,0.16808
-1.6,6.38378e-16,-1.02141e-15,-0.00524373
-1.6,0.1,-0.16,-0.178327
-1.6,0.2,-0.32,-0.350551
-1.6,0.3,-0.48,-0.521307
-1.6,0.4,-0.64,-0.689998
-1.6,0.5,-0.8,-0.856051
-1.6,0.6,-0.96,-1.01892
-1.6,0.7,-1.12,-1.17808
-1.6,0.8,-1.28,-1.33305
-1.6,0.9,-1.44,-1.48339
-1.6,1,-1.6,-1.6287
-1.6,1.1,-1.76,-1.76861
-1.6,1.2,-1.92,-1.90281
-1.6,1.3,-2.08,-2.03103
-1.6,1.4,-2.24,-2.15303
-1.6,1.5,-2.4,-2.26863
-1.6,1.6,-2.56,-2.37768
-1.6,1.7,-2.72,-2.48006
-1.6,1.8,-2.88,-2.57571
-1.6,1.9,-3.04,-2.66457
-1.5,-2,3,2.68401
-1.5,-1.9,2.85,2.59926
-1.5,-1.8,2.7,2.50817
-1.5,-1.7,2.55,2.41079
-1.5,-1.6,2.4,2.30718
-1.5,-1.5,2.25,2.19743
-1.5,-1.4,2.1,2.08168
-1.5,-1.3,1.95,1.96009
-1.5,-1.2,1.8,1.83288
-1.5,-1.1,1.65,1.70029
-1.5,-1,1.5,1.56259
-1.5,-0.9,1.35,1.42013
-1.5,-0.8,1.2,1.27326
-1.5,-0.7,1.05,1.12238
-1.5,-0.6,0.9,0.96794
-1.5,-0.5,0.75,0.810407
-1.5,-0.4,0.6,0.650287
-1.5,-0.3,0.45,0.488109
-1.5,-0.2,0.3,0.324427
-1.5,-0.1,0.15,0.159808
-1.5,6.38378e-16,-9.57567e-16,-0.00516925
-1.5,0.1,-0.15,-0.169919
-1.5,0.2,-0.3,-0.33386
-1.5,0.3,-0.45,-0.496416
-1.5,0.4,-0.6,-0.657024
-1.5,0.5,-0.75,-0.81514
-1.5,0.6,-0.9,-0.970246
-1.5,0.7,-1.05,-1.12185
-1.5,0.8,-1.2,-1.26949
-1.5,0.9,-1.35,-1.41274
-1.5,1,-1.5,-1.55121
-1.5,1.1,-1.65,-1.68457
-1.5,1.2,-1.8,-1.81249
-1.5,1.3,-1.95,-1.93472
-1.5,1.4,-2.1,-2.05102
-1.5,1.5,-2.25,-2.16121
-1.5,1.6,-2.4,-2.26514
-1.5,1.7,-2.55,-2.36269
-1.5,1.8,-2.7,-2.45379
-1.5,1.9,-2.85,-2.53838
-1.4,-2,2.8,2.54316
-1.4,-1.9,2.66,2.46284
-1.4,-1.8,2.52,2.37649
-1.4,-1.7,2.38,2.28413
-1.4,-1.6,2.24,2.18585
-1.4,-1.5,2.1,2.08175
-1.4,-1.4,1.96,1.97196
-1.4,-1.3,1.82,1.85664
-1.4,-1.2,1.68,1.73599
-1.4,-1.1,1.54,1.61027
-1.4,-1,1.4,1.47973
-1.4,-0.9,1.26,1.3447
-1.4,-0.8,1.12,1.20552
-1.4,-0.7,0.98,1.06258
-1.4,-0.6,0.84,0.916286
-1.4,-0.5,0.7,0.767091
-1.4,-0.4,0.56,0.615469
-1.4,-0.3,0.42,0.461919
-1.4,-0.2,0.28,0.306958
-1.4,-0.1,0.14,0.15112
-1.4,6.38378e-16,-8.9373e-16,-0.00505258
-1.4,0.1,-0.14,-0.161013
-1.4,0.2,-0.28,-0.316215
-1.4,0.3,-0.42,-0.470119
-1.4,0.4,-0.56,-0.622196
-1.4,0.5,-0.7,-0.771937
-1.4,0.6,-0.84,-0.91885
-1.4,0.7,-0.98,-1.06247
-1.4,0.8,-1.12,-1.20236
-1.4,0.9,-1.26,-1.33813
-1.4,1,-1.4,-1.46939
-1.4,1.1,-1.54,-1.59581
-1.4,1.2,-1.68,-1.71711
-1.4,1.3,-1.82,-1.83301
-1.4,1.4,-1.96,-1.94331
-1.4,1.5,-2.1,-2.0478
-1.4,1.6,-2.24,-2.14634
-1.4,1.7,-2.38,-2.23882
-1.4,1.8,-2.52,-2.32514
-1.4,1.9,-2.66,-2.40527
-1.3,-2,2.6,2.39523
-1.3,-1.9,2.47,2.31955
-1.3,-1.8,2.34,2.23814
-1.3,-1.7,2.21,2.15107
-1.3,-1.6,2.08,2.05839
-1.3,-1.5,1.95,1.96022
-1.3,-1.4,1.82,1.85669
-1.3,-1.3,1.69,1.74796
-1.3,-1.2,1.56,1.63423
-1.3,-1.1,1.43,1.51573
-1.3,-1,1.3,1.39273
-1.3,-0.9,1.17,1.26551
-1.3,-0.8,1.04,1.13442
-1.3,-0.7,0.91,0.999814
-1.3,-0.6,0.78,0.862083
-1.3,-0.5,0.65,0.721647
-1.3,-0.4,0.52,0.578951
-1.3,-0.3,0.39,0.43446
-1.3,-0.2,0.26,0.288656
-1.3,-0.1,0.13,0.142036
-1.3,6.38378e-16,-8.29892e-16,-0.00489511
-1.3,0.1,-0.13,-0.151628
-1.3,0.2,-0.26,-0.297655
-1.3,0.3,-0.39,-0.442474
-1.3,0.4,-0.52,-0.585592
-1.3,0.5,-0.65,-0.726531
-1.3,0.6,-0.78,-0.864834
-1.3,0.7,-0.91,-1.00006
-1.3,0.8,-1.04,-1.13181
-1.3,0.9,-1.17,-1.2597
-1.3,1,-1.3,-1.38337
-1.3,1.1,-1.43,-1.5025
-1.3,1.2,-1.56,-1.61682
-1.3,1.3,-1.69,-1.72608
-1.3,1.4,-1.82,-1.83005
-1.3,1.5,-1.95,-1.92855
-1.3,1.6,-2.08,-2.02144
-1.3,1.7,-2.21,-2.1086
-1.3,1.8,-2.34,-2.18993
-1.3,1.9,-2.47,-2.26539
-1.2,-2,2.4,2.24044
-1.2,-1.9,2.28,2.16958
-1.2,-1.8,2.16,2.09336
-1.2,-1.7,2.04,2.0118
-1.2,-1.6,1.92,1.925
-1.2,-1.5,1.8,1.83305
-1.2,-1.4,1.68,1.73608
-1.2,-1.3,1.56,1.63426
-1.2,-1.2,1.44,1.52778
-1.2,-1.1,1.32,1.41686
-1.2,-1,1.2,1.30174
-1.2,-0.9,1.08,1.18272
-1.2,-0.8,0.96,1.0601
-1.2,-0.7,0.84,0.934223
-1.2,-0.6,0.72,0.805452
-1.2,-0.5,0.6,0.674178
-1.2,-0.4,0.48,0.540815
-1.2,-0.3,0.36,0.405794
-1.2,-0.2,0.24,0.269561
-1.2,-0.1,0.12,0.132574
-1.2,6.38378e-16,-7.66054e-16,-0.00469843
-1.2,0.1,-0.12,-0.141788
-1.2,0.2,-0.24,-0.278225
-1.2,0.3,-0.36,-0.413546
-1.2,0.4,-0.48,-0.547294
-1.2,0.5,-0.6,-0.679027
-1.2,0.6,-0.72,-0.808319
-1.2,0.7,-0.84,-0.934766
-1.2,0.8,-0.96,-1.05798
-1.2,0.9,-1.08,-1.17761
-1.2,1,-1.2,-1.29333
-1.2,1.1,-1.32,-1.40482
-1.2,1.2,-1.44,-1.51183
-1.2,1.3,-1.56,-1.61411
-1.2,1.4,-1.68,-1.71146
-1.2,1.5,-1.8,-1.80369
-1.2,1.6,-1.92,-1.89066
-1.2,1.7,-2.04,-1.97225
-1.2,1.8,-2.16,-2.04838
-1.2,1.9,-2.28,-2.11897
-1.1,-2,2.2,2.07904
-1.1,-1.9,2.09,2.01322
-1.1,-1.8,1.98,1.94239
-1.1,-1.7,1.87,1.86659
-1.1,-1.6,1.76,1.78592
-1.1,-1.5,1.65,1.70047
-1.1,-1.4,1.54,1.61037
-1.1,-1.3,1.43,1.51578
-1.1,-1.2,1.32,1.41687
-1.1,-1.1,1.21,1.31386
-1.1,-1,1.1,1.20699
-1.1,-0.9,0.99,1.09652
-1.1,-0.8,0.88,0.982734
-1.1,-0.7,0.77,0.865957
-1.1,-0.6,0.66,0.746524
-1.1,-0.5,0.55,0.624796
-1.1,-0.4,0.44,0.501153
-1.1,-0.3,0.33,0.37599
-1.1,-0.2,0.22,0.249719
-1.1,-0.1,0.11,0.122758
-1.1,6.38378e-16,-7.02216e-16,-0.00446438
-1.1,0.1,-0.11,-0.131518
-1.1,0.2,-0.22,-0.257974
-1.1,0.3,-0.33,-0.383407
-1.1,0.4,-0.44,-0.507397
-1.1,0.5,-0.55,-0.62954
-1.1,0.6,-0.66,-0.749442
-1.1,0.7,-0.77,-0.866729
-1.1,0.8,-0.88,-0.981047
-1.1,0.9,-0.99,-1.09206
-1.1,1,-1.1,-1.19947
-1.1,1.1,-1.21,-1.30298
-1.1,1.2,-1.32,-1.40235
-1.1,1.3,-1.43,-1.49735
-1.1,1.4,-1.54,-1.58777
-1.1,1.5,-1.65,-1.67345
-1.1,1.6,-1.76,-1.75424
-1.1,1.7,-1.87,-1.83003
-1.1,1.8,-1.98,-1.90073
-1.1,1.9,-2.09,-1.96627
-1,-2,2,1.91136
-1,-1.9,1.9,1.85076
-1,-1.8,1.8,1.78554
-1,-1.7,1.7,1.71575
-1,-1.6,1.6,1.64146
-1,-1.5,1.5,1.56278
-1,-1.4,1.4,1.47984
-1,-1.3,1.3,1.39277
-1,-1.2,1.2,1.30175
-1,-1.1,1.1,1.20698
-1,-1,1,1.10869
-1,-0.9,0.9,1.0071
-1,-0.8,0.8,0.902506
-1,-0.7,0.7,0.795184
-1,-0.6,0.6,0.685446
-1,-0.5,0.5,0.573624
-1,-0.4,0.4,0.460063
-1,-0.3,0.3,0.345124
-1,-0.2,0.2,0.229179
-1,-0.1,0.1,0.11261
-1,6.38378e-16,-6.38378e-16,-0.00419504
-1,0.1,-0.1,-0.120847
-1,0.2,-0.2,-0.236956
-1,0.3,-0.3,-0.352135
-1,0.4,-0.4,-0.466006
-1,0.5,-0.5,-0.578196
-1,0.6,-0.6,-0.68835
-1,0.7,-0.7,-0.796125
-1,0.8,-0.8,-0.901195
-1,0.9,-0.9,-1.00326
-1,1,-1,-1.10202
-1,1.1,-1.1,-1.19723
-1,1.2,-1.2,-1.28865
-1,1.3,-1.3,-1.37606
-1,1.4,-1.4,-1.45927
-1,1.5,-1.5,-1.53813
-1,1.6,-1.6,-1.61249
-1,1.7,-1.7,-1.68225
-1,1.8,-1.8,-1.7473
-1,1.9,-1.9,-1.8076
-0.9,-2,1.8,1.73776
-0.9,-1.9,1.71,1.68258
-0.9,-1.8,1.62,1.62318
-0.9,-1.7,1.53,1.55962
-0.9,-1.6,1.44,1.49196
-0.9,-1.5,1.35,1.42031
-0.9,-1.4,1.26,1.34479
-0.9,-1.3,1.17,1.26554
-0.9,-1.2,1.08,1.18271
-0.9,-1.1,0.99,1.09649
-0.9,-1,0.9,1.00708
-0.9,-0.9,0.81,0.91471
-0.9,-0.8,0.72,0.819625
-0.9,-0.7,0.63,0.722086
-0.9,-0.6,0.54,0.622377
-0.9,-0.5,0.45,0.520796
-0.9,-0.4,0.36,0.417653
-0.9,-0.3,0.27,0.313275
-0.9,-0.2,0.18,0.207996
-0.9,-0.1,0.09,0.102157
-0.9,6.38378e-16,-5.7454e-16,-0.00389269
-0.9,0.1,-0.09,-0.109804
-0.9,0.2,-0.18,-0.215228
-0.9,0.3,-0.27,-0.319817
-0.9,0.4,-0.36,-0.42323
-0.9,0.5,-0.45,-0.525135
-0.9,0.6,-0.54,-0.625208
-0.9,0.7,-0.63,-0.72314
-0.9,0.8,-0.72,-0.818637
-0.9,0.9,-0.81,-0.91142
-0.9,1,-0.9,-1.00123
-0.9,1.1,-0.99,-1.08783
-0.9,1.2,-1.08,-1.171
-0.9,1.3,-1.17,-1.25053
-0.9,1.4,-1.26,-1.32627
-0.9,1.5,-1.35,-1.39805
-0.9,1.6,-1.44,-1.46574
-0.9,1.7,-1.53,-1.52924
-0.9,1.8,-1.62,-1.58845
-0.9,1.9,-1.71,-1.64333
-0.8,-2,1.6,1.55868
-0.8,-1.9,1.52,1.50909
-0.8,-1.8,1.44,1.45571
-0.8,-1.7,1.36,1.39859
-0.8,-1.6,1.28,1.3378
-0.8,-1.5,1.2,1.27343
-0.8,-1.4,1.12,1.20559
-0.8,-1.3,1.04,1.13442
-0.8,-1.2,0.96,1.06005
-0.8,-1.1,0.88,0.982667
-0.8,-1,0.8,0.902443
-0.8,-0.9,0.72,0.819585
-0.8,-0.8,0.64,0.734312
-0.8,-0.7,0.56,0.646863
-0.8,-0.6,0.48,0.557489
-0.8,-0.5,0.4,0.466455
-0.8,-0.4,0.32,0.37404
-0.8,-0.3,0.24,0.280531
-0.8,-0.2,0.16,0.186225
-0.8,-0.1,0.08,0.091426
-0.8,6.38378e-16,-5.10703e-16,-0.00355983
-0.8,0.1,-0.08,-0.0984225
-0.8,0.2,-0.16,-0.192853
-0.8,0.3,-0.24,-0.286543
-0.8,0.4,-0.32,-0.379191
-0.8,0.5,-0.4,-0.470502
-0.8,0.6,-0.48,-0.560189
-0.8,0.7,-0.56,-0.647975
-0.8,0.8,-0.64,-0.733598
-0.8,0.9,-0.72,-0.816808
-0.8,1,-0.8,-0.897372
-0.8,1.1,-0.88,-0.975074
-0.8,1.2,-0.96,-1.04972
-0.8,1.3,-1.04,-1.12112
-0.8,1.4,-1.12,-1.18911
-0.8,1.5,-1.2,-1.25357
-0.8,1.6,-1.28,-1.31437
-0.8,1.7,-1.36,-1.3714
-0.8,1.8,-1.44,-1.42458
-0.8,1.9,-1.52,-1.47387
-0.7,-2,1.4,1.3746
-0.7,-1.9,1.33,1.33077
-0.7,-1.8,1.26,1.28359
-0.7,-1.7,1.19,1.2331
-0.7,-1.6,1.12,1.17939
-0.7,-1.5,1.05,1.12253
-0.7,-1.4,0.98,1.06262
-0.7,-1.3,0.91,0.999773
-0.7,-1.2,0.84,0.934133
-0.7,-1.1,0.77,0.865843
-0.7,-1,0.7,0.79507
-0.7,-0.9,0.63,0.721994
-0.7,-0.8,0.56,0.646809
-0.7,-0.7,0.49,0.569725
-0.7,-0.6,0.42,0.490963
-0.7,-0.5,0.35,0.410755
-0.7,-0.4,0.28,0.329345
-0.7,-0.3,0.21,0.246983
-0.7,-0.2,0.14,0.163929
-0.7,-0.1,0.07,0.0804454
-0.7,6.38378e-16,-4.46865e-16,-0.00319914
-0.7,0.1,-0.07,-0.0867357
-0.7,0.2,-0.14,-0.169895
-0.7,0.3,-0.21,-0.25241
-0.7,0.4,-0.28,-0.334016
-0.7,0.5,-0.35,-0.414457
-0.7,0.6,-0.42,-0.493481
-0.7,0.7,-0.49,-0.570847
-0.7,0.8,-0.56,-0.646323
-0.7,0.9,-0.63,-0.71969
-0.7,1,-0.7,-0.790742
-0.7,1.1,-0.77,-0.859287
-0.7,1.2,-0.84,-0.925149
-0.7,1.3,-0.91,-0.988166
-0.7,1.4,-0.98,-1.0482
-0.7,1.5,-1.05,-1.10511
-0.7,1.6,-1.12,-1.1588
-0.7,1.7,-1.19,-1.20917
-0.7,1.8,-1.26,-1.25614
-0.7,1.9,-1.33,-1.29967
-0.6,-2,1.2,1.18605
-0.6,-1.9,1.14,1.14812
-0.6,-1.8,1.08,1.10731
-0.6,-1.7,1.02,1.06365
-0.6,-1.6,0.96,1.01721
-0.6,-1.5,0.9,0.968058
-0.6,-1.4,0.84,0.916287
-0.6,-1.3,0.78,0.861999
-0.6,-1.2,0.72,0.805312
-0.6,-1.1,0.66,0.746355
-0.6,-1,0.6,0.685273
-0.6,-0.9,0.54,0.622222
-0.6,-0.8,0.48,0.55737
-0.6,-0.7,0.42,0.490897
-0.6,-0.6,0.36,0.422993
-0.6,-0.5,0.3,0.353857
-0.6,-0.4,0.24,0.283697
-0.6,-0.3,0.18,0.212727
-0.6,-0.2,0.12,0.141169
-0.6,-0.1,0.06,0.0692458
-0.6,6.38378e-16,-3.83027e-16,-0.00281347
-0.6,0.1,-0.06,-0.07478
-0.6,0.2,-0.12,-0.146424
-0.6,0.3,-0.18,-0.217519
-0.6,0.4,-0.24,-0.28784
-0.6,0.5,-0.3,-0.357165
-0.6,0.6,-0.36,-0.425282
-0.6,0.7,-0.42,-0.491983
-0.6,0.8,-0.48,-0.55707
-0.6,0.9,-0.54,-0.620354
-0.6,1,-0.6,-0.681657
-0.6,1.1,-0.66,-0.740812
-0.6,1.2,-0.72,-0.797667
-0.6,1.3,-0.78,-0.852082
-0.6,1.4,-0.84,-0.903928
-0.6,1.5,-0.9,-0.953096
-0.6,1.6,-0.96,-0.999488
-0.6,1.7,-1.02,-1.04302
-0.6,1.8,-1.08,-1.08363
-0.6,1.9,-1.14,-1.12126
-0.5,-2,1,0.993602
-0.5,-1.9,0.95,0.961722
-0.5,-1.8,0.9,0.927425
-0.5,-1.7,0.85,0.89075
-0.5,-1.6,0.8,0.851751
-0.5,-1.5,0.75,0.810493
-0.5,-1.4,0.7,0.767052
-0.5,-1.3,0.65,0.721516
-0.5,-1.2,0.6,0.673985
-0.5,-1.1,0.55,0.624568
-0.5,-1,0.5,0.573386
-0.5,-0.9,0.45,0.520571
-0.5,-0.8,0.4,0.466264
-0.5,-0.7,0.35,0.410615
-0.5,-0.6,0.3,0.353781
-0.5,-0.5,0.25,0.295929
-0.5,-0.4,0.2,0.237231
-0.5,-0.3,0.15,0.177864
-0.5,-0.2,0.1,0.118011
-0.5,-0.1,0.05,0.0578588
-0.5,6.38378e-16,-3.19189e-16,-0.00240583
-0.5,0.1,-0.05,-0.0625929
-0.5,0.2,-0.1,-0.122513
-0.5,0.3,-0.15,-0.181978
-0.5,0.4,-0.2,-0.240802
-0.5,0.5,-0.25,-0.298802
-0.5,0.6,-0.3,-0.355801
-0.5,0.7,-0.35,-0.411627
-0.5,0.8,-0.4,-0.466114
-0.5,0.9,-0.45,-0.519106
-0.5,1,-0.5,-0.570453
-0.5,1.1,-0.55,-0.620016
-0.5,1.2,-0.6,-0.667666
-0.5,1.3,-0.65,-0.713284
-0.5,1.4,-0.7,-0.756764
-0.5,1.5,-0.75,-0.79801
-0.5,1.6,-0.8,-0.836939
-0.5,1.7,-0.85,-0.873481
-0.5,1.8,-0.9,-0.907577
-0.5,1.9,-0.95,-0.939182
-0.4,-2,0.8,0.797893
-0.4,-1.9,0.76,0.772171
-0.4,-1.8,0.72,0.744515
-0.4,-1.7,0.68,0.71496
-0.4,-1.6,0.64,0.683551
-0.4,-1.5,0.6,0.65034
-0.4,-1.4,0.56,0.61539
-0.4,-1.3,0.52,0.578772
-0.4,-1.2,0.48,0.540566
-0.4,-1.1,0.44,0.500862
-0.4,-1,0.4,0.459757
-0.4,-0.9,0.36,0.417356
-0.4,-0.8,0.32,0.373771
-0.4,-0.7,0.28,0.329123
-0.4,-0.6,0.24,0.283538
-0.4,-0.5,0.2,0.237147
-0.4,-0.4,0.16,0.190086
-0.4,-0.3,0.12,0.142498
-0.4,-0.2,0.08,0.0945255
-0.4,-0.1,0.04,0.0463169
-0.4,6.38378e-16,-2.55351e-16,-0.00197937
-0.4,0.1,-0.04,-0.0502133
-0.4,0.2,-0.08,-0.0982351
-0.4,0.3,-0.12,-0.145896
-0.4,0.4,-0.16,-0.193048
-0.4,0.5,-0.2,-0.239548
-0.4,0.6,-0.24,-0.285253
-0.4,0.7,-0.28,-0.330028
-0.4,0.8,-0.32,-0.373741
-0.4,0.9,-0.36,-0.416265
-0.4,1,-0.4,-0.457484
-0.4,1.1,-0.44,-0.497284
-0.4,1.2,-0.48,-0.535561
-0.4,1.3,-0.52,-0.572222
-0.4,1.4,-0.56,-0.607178
-0.4,1.5,-0.6,-0.640353
-0.4,1.6,-0.64,-0.67168
-0.4,1.7,-0.68,-0.701099
-0.4,1.8,-0.72,-0.728564
-0.4,1.9,-0.76,-0.754037
-0.3,-2,0.6,0.599585
-0.3,-1.9,0.57,0.580111
-0.3,-1.8,0.54,0.559198
-0.3,-1.7,0.51,0.536873
-0.3,-1.6,0.48,0.51317
-0.3,-1.5,0.45,0.48813
-0.3,-1.4,0.42,0.461799
-0.3,-1.3,0.39,0.434232
-0.3,-1.2,0.36,0.40549
-0.3,-1.1,0.33,0.375638
-0.3,-1,0.3,0.344749
-0.3,-0.9,0.27,0.312903
-0.3,-0.8,0.24,0.280183
-0.3,-0.7,0.21,0.246678
-0.3,-0.6,0.18,0.212481
-0.3,-0.5,0.15,0.177691
-0.3,-0.4,0.12,0.142407
-0.3,-0.3,0.09,0.106735
-0.3,-0.2,0.06,0.070781
-0.3,-0.1,0.03,0.0346536
-0.3,6.38378e-16,-1.91513e-16,-0.00153735
-0.3,0.1,-0.03,-0.0376814
-0.3,0.2,-0.06,-0.0736679
-0.3,0.3,-0.09,-0.109387
-0.3,0.4,-0.12,-0.14473
-0.3,0.5,-0.15,-0.17959
-0.3,0.6,-0.18,-0.213863
-0.3,0.7,-0.21,-0.247447
-0.3,0.8,-0.24,-0.280246
-0.3,0.9,-0.27,-0.312165
-0.3,1,-0.3,-0.343117
-0.3,1.1,-0.33,-0.373018
-0.3,1.2,-0.36,-0.40179
-0.3,1.3,-0.39,-0.429363
-0.3,1.4,-0.42,-0.455671
-0.3,1.5,-0.45,-0.480656
-0.3,1.6,-0.48,-0.504266
-0.3,1.7,-0.51,-0.526459
-0.3,1.8,-0.54,-0.547197
-0.3,1.9,-0.57,-0.566452
-0.2,-2,0.4,0.399371
-0.2,-1.9,0.38,0.386212
-0.2,-1.8,0.36,0.372117
-0.2,-1.7,0.34,0.357104
-0.2,-1.6,0.32,0.341195
-0.2,-1.5,0.3,0.324417
-0.2,-1.4,0.28,0.306801
-0.2,-1.3,0.26,0.288383
-0.2,-1.2,0.24,0.269204
-0.2,-1.1,0.22,0.249306
-0.2,-1,0.2,0.228738
-0.2,-0.9,0.18,0.20755
-0.2,-0.8,0.16,0.185798
-0.2,-0.7,0.14,0.163539
-0.2,-0.6,0.12,0.140834
-0.2,-0.5,0.1,0.117746
-0.2,-0.4,0.08,0.094341
-0.2,-0.3,0.06,0.070686
-0.2,-0.2,0.04,0.04685
-0.2,-0.1,0.02,0.0229033
-0.2,6.38378e-16,-1.27676e-16,-0.00108313
-0.2,0.1,-0.02,-0.025038
-0.2,0.2,-0.04,-0.0488898
-0.2,0.3,-0.06,-0.0725676
-0.2,0.4,-0.08,-0.096001
-0.2,0.5,-0.1,-0.119121
-0.2,0.6,-0.12,-0.14186
-0.2,0.7,-0.14,-0.164153
-0.2,0.8,-0.16,-0.185936
-0.2,0.9,-0.18,-0.207148
-0.2,1,-0.2,-0.227733
-0.2,1.1,-0.22,-0.247635
-0.2,1.2,-0.24,-0.266804
-0.2,1.3,-0.26,-0.285194
-0.2,1.4,-0.28,-0.302762
-0.2,1.5,-0.3,-0.319468
-0.2,1.6,-0.32,-0.335281
-0.2,1.7,-0.34,-0.35017
-0.2,1.8,-0.36,-0.364111
-0.2,1.9,-0.38,-0.377084
-0.1,-2,0.2,0.19797
-0.1,-1.9,0.19,0.19117
-0.1,-1.8,0.18,0.18394
-0.1,-1.7,0.17,0.176289
-0.1,-1.6,0.16,0.168228
-0.1,-1.5,0.15,0.159769
-0.1,-1.4,0.14,0.150929
-0.1,-1.3,0.13,0.141723
-0.1,-1.2,0.12,0.13217
-0.1,-1.1,0.11,0.12229
-0.1,-1,0.1,0.112107
-0.1,-0.9,0.09,0.101642
-0.1,-0.8,0.08,0.0909228
-0.1,-0.7,0.07,0.0799741
-0.1,-0.6,0.06,0.0688244
-0.1,-0.5,0.05,0.0575023
-0.1,-0.4,0.04,0.046038
-0.1,-0.3,0.03,0.0344619
-0.1,-0.2,0.02,0.0228056
-0.1,-0.1,0.01,0.0111008
-0.1,6.38378e-16,-6.38378e-17,-0.000620121
-0.1,0.1,-0.01,-0.0123248
-0.1,0.2,-0.02,-0.0239809
-0.1,0.3,-0.03,-0.035556
-0.1,0.4,-0.04,-0.0470183
-0.1,0.5,-0.05,-0.0583364
-0.1,0.6,-0.06,-0.0694794
-0.1,0.7,-0.07,-0.0804175
-0.1,0.8,-0.08,-0.0911219
-0.1,0.9,-0.09,-0.101565
-0.1,1,-0.1,-0.111719
-0.1,1.1,-0.11,-0.121561
-0.1,1.2,-0.12,-0.131067
-0.1,1.3,-0.13,-0.140215
-0.1,1.4,-0.14,-0.148985
-0.1,1.5,-0.15,-0.157359
-0.1,1.6,-0.16,-0.165322
-0.1,1.7,-0.17,-0.172859
-0.1,1.8,-0.18,-0.179959
-0.1,1.9,-0.19,-0.186612
6.38378e-16,-2,-1.27676e-15,-0.00388386
6.38378e-16,-1.9,-1.21292e-15,-0.00430854
6.38378e-16,-1.8,-1.14908e-15,-0.00465501
6.38378e-16,-1.7,-1.08524e-15,-0.00492364
6.38378e-16,-1.6,-1.02141e-15,-0.00511526
6.38378e-16,-1.5,-9.57567e-16,-0.00523119
6.38378e-16,-1.4,-8.9373e-16,-0.00527321
6.38378e-16,-1.3,-8.29892e-16,-0.00524362
6.38378e-16,-1.2,-7.66054e-16,-0.00514516
6.38378e-16,-1.1,-7.02216e-16,-0.00498103
6.38378e-16,-1,-6.38378e-16,-0.00475489
6.38378e-16,-0.9,-5.7454e-16,-0.00447081
6.38378e-16,-0.8,-5.10703e-16,-0.00413326
6.38378e-16,-0.7,-4.46865e-16,-0.00374709
6.38378e-16,-0.6,-3.83027e-16,-0.00331749
6.38378e-16,-0.5,-3.19189e-16,-0.00284994
6.38378e-16,-0.4,-2.55351e-16,-0.00235021
6.38378e-16,-0.3,-1.91513e-16,-0.00182429
6.38378e-16,-0.2,-1.27676e-16,-0.00127835
6.38378e-16,-0.1,-6.38378e-17,-0.000718717
6.38378e-16,6.38378e-16,4.07527e-31,-0.000151814
6.38378e-16,0.1,6.38378e-17,0.000415891
6.38378e-16,0.2,1.27676e-16,0.00097792
6.38378e-16,0.3,1.91513e-16,0.00152784
6.38378e-16,0.4,2.55351e-16,0.00205931
6.38378e-16,0.5,3.19189e-16,0.00256612
6.38378e-16,0.6,3.83027e-16,0.00304224
6.38378e-16,0.7,4.46865e-16,0.00348189
6.38378e-16,0.8,5.10703e-16,0.00387952
6.38378e-16,0.9,5.7454e-16,0.00422991
6.38378e-16,1,6.38378e-16,0.0045282
6.38378e-16,1.1,7.02216e-16,0.00476988
6.38378e-16,1.2,7.66054e-16,0.00495086
6.38378e-16,1.3,8.29892e-16,0.0050675
6.38378e-16,1.4,8.9373e-16,0.00511659
6.38378e-16,1.5,9.57567e-16,0.00509543
6.38378e-16,1.6,1.02141e-15,0.00500178
6.38378e-16,1.7,1.08524e-15,0.00483391
6.38378e-16,1.8,1.14908e-15,0.0045906
6.38378e-16,1.9,1.21292e-15,0.00427112
0.1,-2,-0.2,-0.20545
0.1,-1.9,-0.19,-0.19951
0.1,-1.8,-0.18,-0.192983
0.1,-1.7,-0.17,-0.18588
0.1,-1.6,-0.16,-0.178214
0.1,-1.5,-0.15,-0.17
0.1,-1.4,-0.14,-0.161257
0.1,-1.3,-0.13,-0.152005
0.1,-1.2,-0.12,-0.142269
0.1,-1.1,-0.11,-0.132076
0.1,-1,-0.1,-0.121455
0.1,-0.9,-0.09,-0.110438
0.1,-0.8,-0.08,-0.0990582
0.1,-0.7,-0.07,-0.0873528
0.1,-0.6,-0.06,-0.0753597
0.1,-0.5,-0.05,-0.0631186
0.1,-0.4,-0.04,-0.0506709
0.1,-0.3,-0.03,-0.0380593
0.1,-0.2,-0.02,-0.0253274
0.1,-0.1,-0.01,-0.0125199
0.1,6.38378e-16,6.38378e-17,0.000318295
0.1,0.1,0.01,0.0131418
0.1,0.2,0.02,0.0259053
0.1,0.3,0.03,0.0385636
0.1,0.4,0.04,0.0510722
0.1,0.5,0.05,0.0633872
0.1,0.6,0.06,0.075466
0.1,0.7,0.07,0.0872669
0.1,0.8,0.08,0.0987502
0.1,0.9,0.09,0.109878
0.1,1,0.1,0.120613
0.1,1.1,0.11,0.130923
0.1,1.2,0.12,0.140775
0.1,1.3,0.13,0.150141
0.1,1.4,0.14,0.158995
0.1,1.5,0.15,0.167313
0.1,1.6,0.16,0.175075
0.1,1.7,0.17,0.182263
0.1,1.8,0.18,0.188865
0.1,1.9,0.19,0.194867
0.2,-2,-0.4,-0.405992
0.2,-1.9,-0.38,-0.393721
0.2,-1.8,-0.36,-0.380361
0.2,-1.7,-0.34,-0.36593
0.2,-1.6,-0.32,-0.350451
0.2,-1.5,-0.3,-0.333955
0.2,-1.4,-0.28,-0.316475
0.2,-1.3,-0.26,-0.298052
0.2,-1.2,-0.24,-0.278732
0.2,-1.1,-0.22,-0.258563
0.2,-1,-0.2,-0.237602
0.2,-0.9,-0.18,-0.215906
0.2,-0.8,-0.16,-0.193541
0.2,-0.7,-0.14,-0.170572
0.2,-0.6,-0.12,-0.147071
0.2,-0.5,-0.1,-0.123112
0.2,-0.4,-0.08,-0.0987715
0.2,-0.3,-0.06,-0.0741297
0.2,-0.2,-0.04,-0.0492674
0.2,-0.1,-0.02,-0.0242674
0.2,6.38378e-16,1.27676e-16,0.000786701
0.2,0.1,0.02,0.0258106
0.2,0.2,0.04,0.0507199
0.2,0.3,0.06,0.0754309
0.2,0.4,0.08,0.0998608
0.2,0.5,0.1,0.123928
0.2,0.6,0.12,0.147553
0.2,0.7,0.14,0.170659
0.2,0.8,0.16,0.193172
0.2,0.9,0.18,0.215021
0.2,1,0.2,0.236139
0.2,1.1,0.22,0.256462
0.2,1.2,0.24,0.275932
0.2,1.3,0.26,0.294496
0.2,1.4,0.28,0.312104
0.2,1.5,0.3,0.328712
0.2,1.6,0.32,0.344284
0.2,1.7,0.34,0.358786
0.2,1.8,0.36,0.372192
0.2,1.9,0.38,0.384481
0.3,-2,-0.6,-0.604781
0.3,-1.9,-0.57,-0.586243
0.3,-1.8,-0.54,-0.566117
0.3,-1.7,-0.51,-0.544429
0.3,-1.6,-0.48,-0.521215
0.3,-1.5,-0.45,-0.496518
0.3,-1.4,-0.42,-0.470388
0.3,-1.3,-0.39,-0.442883
0.3,-1.2,-0.36,-0.414068
0.3,-1.1,-0.33,-0.384016
0.3,-1,-0.3,-0.352808
0.3,-0.9,-0.27,-0.320529
0.3,-0.8,-0.24,-0.287271
0.3,-0.7,-0.21,-0.253134
0.3,-0.6,-0.18,-0.21822
0.3,-0.5,-0.15,-0.182638
0.3,-0.4,-0.12,-0.146501
0.3,-0.3,-0.09,-0.109923
0.3,-0.2,-0.06,-0.0730245
0.3,-0.1,-0.03,-0.035926
0.3,6.38378e-16,1.91513e-16,0.00124992
0.3,0.1,0.03,0.03838
0.3,0.2,0.06,0.075341
0.3,0.3,0.09,0.11201
0.3,0.4,0.12,0.148266
0.3,0.5,0.15,0.183991
0.3,0.6,0.18,0.219067
0.3,0.7,0.21,0.253384
0.3,0.8,0.24,0.286831
0.3,0.9,0.27,0.319307
0.3,1,0.3,0.350712
0.3,1.1,0.33,0.380957
0.3,1.2,0.36,0.409954
0.3,1.3,0.39,0.437627
0.3,1.4,0.42,0.463904
0.3,1.5,0.45,0.488722
0.3,1.6,0.48,0.512026
0.3,1.7,0.51,0.533769
0.3,1.8,0.54,0.553913
0.3,1.9,0.57,0.572428
0.4,-2,-0.8,-0.801114
0.4,-1.9,-0.76,-0.776393
0.4,-1.8,-0.72,-0.749594
0.4,-1.7,-0.68,-0.720752
0.4,-1.6,-0.64,-0.689912
0.4,-1.5,-0.6,-0.657128
0.4,-1.4,-0.56,-0.622467
0.4,-1.3,-0.52,-0.586003
0.4,-1.2,-0.48,-0.547821
0.4,-1.1,-0.44,-0.508016
0.4,-1,-0.4,-0.466693
0.4,-0.9,-0.36,-0.423963
0.4,-0.8,-0.32,-0.379947
0.4,-0.7,-0.28,-0.334775
0.4,-0.6,-0.24,-0.288582
0.4,-0.5,-0.2,-0.241511
0.4,-0.4,-0.16,-0.193708
0.4,-0.3,-0.12,-0.145328
0.4,-0.2,-0.08,-0.0965257
0.4,-0.1,-0.04,-0.047461
0.4,6.38378e-16,2.55351e-16,0.00170453
0.4,0.1,0.04,0.0508086
0.4,0.2,0.08,0.0996887
0.4,0.3,0.12,0.148183
0.4,0.4,0.16,0.196133
0.4,0.5,0.2,0.243381
0.4,0.6,0.24,0.289775
0.4,0.7,0.28,0.335167
0.4,0.8,0.32,0.379416
0.4,0.9,0.36,0.422386
0.4,1,0.4,0.463948
0.4,1.1,0.44,0.503984
0.4,1.2,0.48,0.542382
0.4,1.3,0.52,0.579041
0.4,1.4,0.56,0.613868
0.4,1.5,0.6,0.646781
0.4,1.6,0.64,0.67771
0.4,1.7,0.68,0.706594
0.4,1.8,0.72,0.733384
0.4,1.9,0.76,0.75804
0.5,-2,-1,-0.994312
0.5,-1.9,-0.95,-0.963516
0.5,-1.8,-0.9,-0.930163
0.5,-1.7,-0.85,-0.894296
0.5,-1.6,-0.8,-0.855966
0.5,-1.5,-0.75,-0.815242
0.5,-1.4,-0.7,-0.772201
0.5,-1.3,-0.65,-0.726936
0.5,-1.2,-0.6,-0.679549
0.5,-1.1,-0.55,-0.630156
0.5,-1,-0.5,-0.578885
0.5,-0.9,-0.45,-0.525873
0.5,-0.8,-0.4,-0.471271
0.5,-0.7,-0.35,-0.415235
0.5,-0.6,-0.3,-0.357934
0.5,-0.5,-0.25,-0.299544
0.5,-0.4,-0.2,-0.240248
0.5,-0.3,-0.15,-0.180235
0.5,-0.2,-0.1,-0.119699
0.5,-0.1,-0.05,-0.0588383
0.5,6.38378e-16,3.19189e-16,0.00214714
0.5,0.1,0.05,0.0630554
0.5,0.2,0.1,0.123685
0.5,0.3,0.15,0.183834
0.5,0.4,0.2,0.243307
0.5,0.5,0.25,0.301907
0.5,0.6,0.3,0.359448
0.5,0.7,0.35,0.415746
0.5,0.8,0.4,0.470625
0.5,0.9,0.45,0.52392
0.5,1,0.5,0.575472
0.5,1.1,0.55,0.625134
0.5,1.2,0.6,0.672772
0.5,1.3,0.65,0.718259
0.5,1.4,0.7,0.761485
0.5,1.5,0.75,0.80235
0.5,1.6,0.8,0.840768
0.5,1.7,0.85,0.876666
0.5,1.8,0.9,0.909984
0.5,1.9,0.95,0.940677
0.6,-2,-1.2,-1.18373
0.6,-1.9,-1.14,-1.14699
0.6,-1.8,-1.08,-1.10722
0.6,-1.7,-1.02,-1.06448
0.6,-1.6,-0.96,-1.01883
0.6,-1.5,-0.9,-0.970339
0.6,-1.4,-0.84,-0.919101
0.6,-1.3,-0.78,-0.865223
0.6,-1.2,-0.72,-0.808825
0.6,-1.1,-0.66,-0.750043
0.6,-1,-0.6,-0.689027
0.6,-0.9,-0.54,-0.625938
0.6,-0.8,-0.48,-0.560954
0.6,-0.7,-0.42,-0.494262
0.6,-0.6,-0.36,-0.426061
0.6,-0.5,-0.3,-0.35656
0.6,-0.4,-0.24,-0.285977
0.6,-0.3,-0.18,-0.214538
0.6,-0.2,-0.12,-0.142475
0.6,-0.1,-0.06,-0.0700246
0.6,6.38378e-16,3.83027e-16,0.00257449
0.6,0.1,0.06,0.0750805
0.6,0.2,0.12,0.147252
0.6,0.3,0.18,0.21885
0.6,0.4,0.24,0.289638
0.6,0.5,0.3,0.359384
0.6,0.6,0.36,0.427864
0.6,0.7,0.42,0.49486
0.6,0.8,0.48,0.560165
0.6,0.9,0.54,0.62358
0.6,1,0.6,0.68492
0.6,1.1,0.66,0.744011
0.6,1.2,0.72,0.800694
0.6,1.3,0.78,0.854823
0.6,1.4,0.84,0.906267
0.6,1.5,0.9,0.954912
0.6,1.6,0.96,1.00066
0.6,1.7,1.02,1.04342
0.6,1.8,1.08,1.08313
0.6,1.9,1.14,1.11973
0.7,-2,-1.4,-1.36877
0.7,-1.9,-1.33,-1.32623
0.7,-1.8,-1.26,-1.28021
0.7,-1.7,-1.19,-1.23078
0.7,-1.6,-1.12,-1.17799
0.7,-1.5,-1.05,-1.12193
0.7,-1.4,-0.98,-1.0627
0.7,-1.3,-0.91,-1.00043
0.7,-1.2,-0.84,-0.935244
0.7,-1.1,-0.77,-0.867303
0.7,-1,-0.7,-0.796775
0.7,-0.9,-0.63,-0.723847
0.7,-0.8,-0.56,-0.64872
0.7,-0.7,-0.49,-0.571613
0.7,-0.6,-0.42,-0.492753
0.7,-0.5,-0.35,-0.412383
0.7,-0.4,-0.28,-0.330756
0.7,-0.3,-0.21,-0.248134
0.7,-0.2,-0.14,-0.164786
0.7,-0.1,-0.07,-0.0809874
0.7,6.38378e-16,4.46865e-16,0.00298342
0.7,0.1,0.07,0.0868453
0.7,0.2,0.14,0.170317
0.7,0.3,0.21,0.253121
0.7,0.4,0.28,0.334982
0.7,0.5,0.35,0.415632
0.7,0.6,0.42,0.494809
0.7,0.7,0.49,0.572263
0.7,0.8,0.56,0.647753
0.7,0.9,0.63,0.721052
0.7,1,0.7,0.791946
0.7,1.1,0.77,0.860237
0.7,1.2,0.84,0.925742
0.7,1.3,0.91,0.988296
0.7,1.4,0.98,1.04775
0.7,1.5,1.05,1.10398
0.7,1.6,1.12,1.15686
0.7,1.7,1.19,1.20631
0.7,1.8,1.26,1.25226
0.7,1.9,1.33,1.29463
0.8,-2,-1.6,-1.54888
0.8,-1.9,-1.52,-1.5007
0.8,-1.8,-1.44,-1.44861
0.8,-1.7,-1.36,-1.39267
0.8,-1.6,-1.28,-1.33296
0.8,-1.5,-1.2,-1.26955
0.8,-1.4,-1.12,-1.20257
0.8,-1.3,-1.04,-1.13214
0.8,-1.2,-0.96,-1.05842
0.8,-1.1,-0.88,-0.98158
0.8,-1,-0.8,-0.901804
0.8,-0.9,-0.72,-0.819304
0.8,-0.8,-0.64,-0.734306
0.8,-0.7,-0.56,-0.647056
0.8,-0.6,-0.48,-0.557812
0.8,-0.5,-0.4,-0.466848
0.8,-0.4,-0.32,-0.374453
0.8,-0.3,-0.24,-0.280923
0.8,-0.2,-0.16,-0.186566
0.8,-0.1,-0.08,-0.0916955
0.8,6.38378e-16,5.10703e-16,0.00337089
0.8,0.1,0.08,0.0983124
0.8,0.2,0.16,0.192809
0.8,0.3,0.24,0.286543
0.8,0.4,0.32,0.379201
0.8,0.5,0.4,0.470479
0.8,0.6,0.48,0.560079
0.8,0.7,0.56,0.647717
0.8,0.8,0.64,0.733122
0.8,0.9,0.72,0.816037
0.8,1,0.8,0.896222
0.8,1.1,0.88,0.973455
0.8,1.2,0.96,1.04753
0.8,1.3,1.04,1.11827
0.8,1.4,1.12,1.1855
0.8,1.5,1.2,1.24909
0.8,1.6,1.28,1.30891
0.8,1.7,1.36,1.36486
0.8,1.8,1.44,1.41686
0.8,1.9,1.52,1.46485
0.9,-2,-1.8,-1.72356
0.9,-1.9,-1.71,-1.66991
0.9,-1.8,-1.62,-1.61194
0.9,-1.7,-1.53,-1.54971
0.9,-1.6,-1.44,-1.48329
0.9,-1.5,-1.35,-1.41278
0.9,-1.4,-1.26,-1.3383
0.9,-1.3,-1.17,-1.25999
0.9,-1.2,-1.08,-1.17801
0.9,-1.1,-0.99,-1.09254
0.9,-1,-0.9,-1.00381
0.9,-0.9,-0.81,-0.912032
0.9,-0.8,-0.72,-0.817462
0.9,-0.7,-0.63,-0.720371
0.9,-0.6,-0.54,-0.621047
0.9,-0.5,-0.45,-0.519796
0.9,-0.4,-0.36,-0.41694
0.9,-0.3,-0.27,-0.312811
0.9,-0.2,-0.18,-0.207753
0.9,-0.1,-0.09,-0.102119
0.9,6.38378e-16,5.7454e-16,0.00373402
0.9,0.1,0.09,0.109446
0.9,0.2,0.18,0.214658
0.9,0.3,0.27,0.319014
0.9,0.4,0.36,0.422162
0.9,0.5,0.45,0.52376
0.9,0.6,0.54,0.623478
0.9,0.7,0.63,0.720998
0.9,0.8,0.72,0.816018
0.9,0.9,0.81,0.908254
0.9,1,0.9,0.99744
0.9,1.1,0.99,1.08333
0.9,1.2,1.08,1.16571
0.9,1.3,1.17,1.24436
0.9,1.4,1.26,1.31912
0.9,1.5,1.35,1.38983
0.9,1.6,1.44,1.45636
0.9,1.7,1.53,1.5186
0.9,1.8,1.62,1.57647
0.9,1.9,1.71,1.6299
1,-2,-2,-1.89235
1,-1.9,-1.9,-1.83342
1,-1.8,-1.8,-1.76977
1,-1.7,-1.7,-1.70147
1,-1.6,-1.6,-1.62859
1,-1.5,-1.5,-1.55124
1,-1.4,-1.4,-1.46952
1,-1.3,-1.3,-1.38361
1,-1.2,-1.2,-1.29366
1,-1.1,-1.1,-1.19989
1,-1,-1,-1.10251
1,-0.9,-0.9,-1.00177
1,-0.8,-0.8,-0.897954
1,-0.7,-0.7,-0.791351
1,-0.6,-0.6,-0.68228
1,-0.5,-0.5,-0.571077
1,-0.4,-0.4,-0.458097
1,-0.3,-0.3,-0.343706
1,-0.2,-0.2,-0.228287
1,-0.1,-0.1,-0.11223
1,6.38378e-16,6.38378e-16,0.00407012
1,0.1,0.1,0.120213
1,0.2,0.2,0.235801
1,0.3,0.3,0.350439
1,0.4,0.4,0.463739
1,0.5,0.5,0.575322
1,0.6,0.6,0.684824
1,0.7,0.7,0.791895
1,0.8,0.8,0.896204
1,0.9,0.9,0.99744
1,1,1,1.09531
1,1.1,1.1,1.18956
1,1.2,1.2,1.27993
1,1.3,1.3,1.36622
1,1.4,1.4,1.44824
1,1.5,1.5,1.52581
1,1.6,1.6,1.59881
1,1.7,1.7,1.66712
1,1.8,1.8,1.73066
1,1.9,1.9,1.78935
1.1,-2,-2.2,-2.05485
1.1,-1.9,-2.09,-1.99083
1.1,-1.8,-1.98,-1.92173
1.1,-1.7,-1.87,-1.84759
1.1,-1.6,-1.76,-1.7685
1.1,-1.5,-1.65,-1.68457
1.1,-1.4,-1.54,-1.59591
1.1,-1.3,-1.43,-1.50269
1.1,-1.2,-1.32,-1.40509
1.1,-1.1,-1.21,-1.30333
1.1,-1,-1.1,-1.19763
1.1,-0.9,-0.99,-1.08828
1.1,-0.8,-0.88,-0.975566
1.1,-0.7,-0.77,-0.859805
1.1,-0.6,-0.66,-0.741345
1.1,-0.5,-0.55,-0.620552
1.1,-0.4,-0.44,-0.497811
1.1,-0.3,-0.33,-0.373526
1.1,-0.2,-0.22,-0.248113
1.1,-0.1,-0.11,-0.122001
1.1,6.38378e-16,7.02216e-16,0.00437668
1.1,0.1,0.11,0.130582
1.1,0.2,0.22,0.256177
1.1,0.3,0.33,0.38073
1.1,0.4,0.44,0.503815
1.1,0.5,0.55,0.62502
1.1,0.6,0.66,0.743946
1.1,0.7,0.77,0.860213
1.1,0.8,0.88,0.97346
1.1,0.9,0.99,1.08335
1.1,1,1.1,1.18958
1.1,1.1,1.21,1.29185
1.1,1.2,1.32,1.38991
1.1,1.3,1.43,1.48354
1.1,1.4,1.54,1.57252
1.1,1.5,1.65,1.6567
1.1,1.6,1.76,1.73591
1.1,1.7,1.87,1.81006
1.1,1.8,1.98,1.87905
1.1,1.9,2.09,1.94282
1.2,-2,-2.4,-2.21074
1.2,-1.9,-2.28,-2.14182
1.2,-1.8,-2.16,-2.06747
1.2,-1.7,-2.04,-1.98774
1.2,-1.6,-1.92,-1.9027
1.2,-1.5,-1.8,-1.81247
1.2,-1.4,-1.68,-1.71716
1.2,-1.3,-1.56,-1.61695
1.2,-1.2,-1.44,-1.51203
1.2,-1.1,-1.32,-1.40261
1.2,-1,-1.2,-1.28895
1.2,-0.9,-1.08,-1.17135
1.2,-0.8,-0.96,-1.0501
1.2,-0.7,-0.84,-0.925556
1.2,-0.6,-0.72,-0.798088
1.2,-0.5,-0.6,-0.668089
1.2,-0.4,-0.48,-0.535978
1.2,-0.3,-0.36,-0.40219
1.2,-0.2,-0.24,-0.267178
1.2,-0.1,-0.12,-0.131407
1.2,6.38378e-16,7.66054e-16,0.00465139
1.2,0.1,0.12,0.140522
1.2,0.2,0.24,0.275729
1.2,0.3,0.36,0.409803
1.2,0.4,0.48,0.542282
1.2,0.5,0.6,0.672721
1.2,0.6,0.72,0.800687
1.2,0.7,0.84,0.925771
1.2,0.8,0.96,1.04759
1.2,0.9,1.08,1.16577
1.2,1,1.2,1.28
1.2,1.1,1.32,1.38996
1.2,1.2,1.44,1.49538
1.2,1.3,1.56,1.59602
1.2,1.4,1.68,1.69168
1.2,1.5,1.8,1.78217
1.2,1.6,1.92,1.86735
1.2,1.7,2.04,1.9471
1.2,1.8,2.16,2.02133
1.2,1.9,2.28,2.08998
1.3,-2,-2.6,-2.35971
1.3,-1.9,-2.47,-2.2861
1.3,-1.8,-2.34,-2.20672
1.3,-1.7,-2.21,-2.12164
1.3,-1.6,-2.08,-2.03092
1.3,-1.5,-1.95,-1.93467
1.3,-1.4,-1.82,-1.83302
1.3,-1.3,-1.69,-1.72614
1.3,-1.2,-1.56,-1.61423
1.3,-1.1,-1.43,-1.49751
1.3,-1,-1.3,-1.37626
1.3,-0.9,-1.17,-1.25077
1.3,-0.8,-1.04,-1.12137
1.3,-0.7,-0.91,-0.988442
1.3,-0.6,-0.78,-0.852367
1.3,-0.5,-0.65,-0.713571
1.3,-0.4,-0.52,-0.572502
1.3,-0.3,-0.39,-0.429627
1.3,-0.2,-0.26,-0.285436
1.3,-0.1,-0.13,-0.140426
1.3,6.38378e-16,8.29892e-16,0.00489215
1.3,0.1,0.13,0.150007
1.3,0.2,0.26,0.294405
1.3,0.3,0.39,0.437582
1.3,0.4,0.52,0.579041
1.3,0.5,0.65,0.718302
1.3,0.6,0.78,0.854904
1.3,0.7,0.91,0.988408
1.3,0.8,1.04,1.1184
1.3,0.9,1.17,1.2445
1.3,1,1.3,1.36636
1.3,1.1,1.43,1.48365
1.3,1.2,1.56,1.59609
1.3,1.3,1.69,1.70343
1.3,1.4,1.82,1.80545
1.3,1.5,1.95,1.90197
1.3,1.6,2.08,1.99285
1.3,1.7,2.21,2.07795
1.3,1.8,2.34,2.1572
1.3,1.9,2.47,2.23054
1.4,-2,-2.8,-2.50154
1.4,-1.9,-2.66,-2.42343
1.4,-1.8,-2.52,-2.33925
1.4,-1.7,-2.38,-2.24906
1.4,-1.6,-2.24,-2.15293
1.4,-1.5,-2.1,-2.05095
1.4,-1.4,-1.96,-1.94327
1.4,-1.3,-1.82,-1.83005
1.4,-1.2,-1.68,-1.71148
1.4,-1.1,-1.54,-1.58783
1.4,-1,-1.4,-1.45935
1.4,-0.9,-1.26,-1.32637
1.4,-0.8,-1.12,-1.18923
1.4,-0.7,-0.98,-1.04832
1.4,-0.6,-0.84,-0.904058
1.4,-0.5,-0.7,-0.756891
1.4,-0.4,-0.56,-0.607295
1.4,-0.3,-0.42,-0.455772
1.4,-0.2,-0.28,-0.302841
1.4,-0.1,-0.14,-0.149037
1.4,6.38378e-16,8.9373e-16,0.00509711
1.4,0.1,0.14,0.159011
1.4,0.2,0.28,0.312159
1.4,0.3,0.42,0.463999
1.4,0.4,0.56,0.614001
1.4,0.5,0.7,0.761655
1.4,0.6,0.84,0.906469
1.4,0.7,0.98,1.04798
1.4,0.8,1.12,1.18574
1.4,0.9,1.26,1.31937
1.4,1,1.4,1.44847
1.4,1.1,1.54,1.57273
1.4,1.2,1.68,1.69184
1.4,1.3,1.82,1.80554
1.4,1.4,1.96,1.91362
1.4,1.5,2.1,2.01588
1.4,1.6,2.24,2.11218
1.4,1.7,2.38,2.20239
1.4,1.8,2.52,2.28645
1.4,1.9,2.66,2.36428
1.5,-2,-3,-2.63605
1.5,-1.9,-2.85,-2.55363
1.5,-1.8,-2.7,-2.46487
1.5,-1.7,-2.55,-2.36982
1.5,-1.6,-2.4,-2.26854
1.5,-1.5,-2.25,-2.16112
1.5,-1.4,-2.1,-2.04772
1.5,-1.3,-1.95,-1.92848
1.5,-1.2,-1.8,-1.80362
1.5,-1.1,-1.65,-1.67339
1.5,-1,-1.5,-1.53808
1.5,-0.9,-1.35,-1.398
1.5,-0.8,-1.2,-1.25353
1.5,-0.7,-1.05,-1.10506
1.5,-0.6,-0.9,-0.953048
1.5,-0.5,-0.75,-0.797952
1.5,-0.4,-0.6,-0.640282
1.5,-0.3,-0.45,-0.480566
1.5,-0.2,-0.3,-0.319356
1.5,-0.1,-0.15,-0.15722
1.5,6.38378e-16,9.57567e-16,0.00526466
1.5,0.1,0.15,0.167514
1.5,0.2,0.3,0.328948
1.5,0.3,0.45,0.488991
1.5,0.4,0.6,0.647083
1.5,0.5,0.75,0.802682
1.5,0.6,0.9,0.955268
1.5,0.7,1.05,1.10435
1.5,0.8,1.2,1.24947
1.5,0.9,1.35,1.39021
1.5,1,1.5,1.52618
1.5,1.1,1.65,1.65703
1.5,1.2,1.8,1.78245
1.5,1.3,1.95,1.90218
1.5,1.4,2.1,2.016
1.5,1.5,2.25,2.12371
1.5,1.6,2.4,2.22516
1.5,1.7,2.55,2.32024
1.5,1.8,2.7,2.40887
1.5,1.9,2.85,2.491
1.6,-2,-3.2,-2.76309
1.6,-1.9,-3.04,-2.67656
1.6,-1.8,-2.88,-2.58344
1.6,-1.7,-2.72,-2.48376
1.6,-1.6,-2.56,-2.3776
1.6,-1.5,-2.4,-2.26504
1.6,-1.4,-2.24,-2.14621
1.6,-1.3,-2.08,-2.0213
1.6,-1.2,-1.92,-1.8905
1.6,-1.1,-1.76,-1.75407
1.6,-1,-1.6,-1.6123
1.6,-0.9,-1.44,-1.46553
1.6,-0.8,-1.28,-1.31415
1.6,-0.7,-1.12,-1.15856
1.6,-0.6,-0.96,-0.99924
1.6,-0.5,-0.8,-0.836673
1.6,-0.4,-0.64,-0.671393
1.6,-0.3,-0.48,-0.503956
1.6,-0.2,-0.32,-0.334946
1.6,-0.1,-0.16,-0.164959
1.6,6.38378e-16,1.02141e-15,0.00539342
1.6,0.1,0.16,0.175496
1.6,0.2,0.32,0.344736
1.6,0.3,0.48,0.512506
1.6,0.4,0.64,0.678217
1.6,0.5,0.8,0.841298
1.6,0.6,0.96,1.0012
1.6,0.7,1.12,1.15742
1.6,0.8,1.28,1.30947
1.6,0.9,1.44,1.45691
1.6,1,1.6,1.59934
1.6,1.1,1.76,1.7364
1.6,1.2,1.92,1.86778
1.6,1.3,2.08,1.9932
1.6,1.4,2.24,2.11244
1.6,1.5,2.4,2.2253
1.6,1.6,2.56,2.33164
1.6,1.7,2.72,2.43134
1.6,1.8,2.88,2.52434
1.6,1.9,3.04,2.61057
1.7,-2,-3.4,-2.88258
1.7,-1.9,-3.23,-2.79212
1.7,-1.8,-3.06,-2.69485
1.7,-1.7,-2.89,-2.59079
1.7,-1.6,-2.72,-2.48
1.7,-1.5,-2.55,-2.36257
1.7,-1.4,-2.38,-2.23864
1.7,-1.3,-2.21,-2.10838
1.7,-1.2,-2.04,-1.97199
1.7,-1.1,-1.87,-1.82973
1.7,-1,-1.7,-1.6819
1.7,-0.9,-1.53,-1.52886
1.7,-0.8,-1.36,-1.37099
1.7,-0.7,-1.19,-1.20873
1.7,-0.6,-1.02,-1.04255
1.7,-0.5,-0.85,-0.872982
1.7,-0.4,-0.68,-0.70057
1.7,-0.3,-0.51,-0.5259
1.7,-0.2,-0.34,-0.349581
1.7,-0.1,-0.17,-0.17224
1.7,6.38378e-16,1.08524e-15,0.00548228
1.7,0.1,0.17,0.18294
1.7,0.2,0.34,0.35949
1.7,0.3,0.51,0.534498
1.7,0.4,0.68,0.707344
1.7,0.5,0.85,0.877431
1.7,0.6,1.02,1.04419
1.7,0.7,1.19,1.20709
1.7,0.8,1.36,1.36563
1.7,0.9,1.53,1.51935
1.7,1,1.7,1.66784
1.7,1.1,1.87,1.81074
1.7,1.2,2.04,1.94771
1.7,1.3,2.21,2.07848
1.7,1.4,2.38,2.20283
1.7,1.5,2.55,2.32055
1.7,1.6,2.72,2.43151
1.7,1.7,2.89,2.5356
1.7,1.8,3.06,2.63273
1.7,1.9,3.23,2.72289
1.8,-2,-3.6,-2.99447
1.8,-1.9,-3.42,-2.90026
1.8,-1.8,-3.24,-2.79904
1.8,-1.7,-3.06,-2.69082
1.8,-1.6,-2.88,-2.57567
1.8,-1.5,-2.7,-2.45366
1.8,-1.4,-2.52,-2.32493
1.8,-1.3,-2.34,-2.18964
1.8,-1.2,-2.16,-2.04801
1.8,-1.1,-1.98,-1.90029
1.8,-1,-1.8,-1.7468
1.8,-0.9,-1.62,-1.5879
1.8,-0.8,-1.44,-1.42397
1.8,-0.7,-1.26,-1.25548
1.8,-0.6,-1.08,-1.08292
1.8,-0.5,-0.9,-0.906823
1.8,-0.4,-0.72,-0.727768
1.8,-0.3,-0.54,-0.546361
1.8,-0.2,-0.36,-0.363237
1.8,-0.1,-0.18,-0.179051
1.8,6.38378e-16,1.14908e-15,0.00553037
1.8,0.1,0.18,0.189833
1.8,0.2,0.36,0.373186
1.8,0.3,0.54,0.554928
1.8,0.4,0.72,0.734414
1.8,0.5,0.9,0.911025
1.8,0.6,1.08,1.08417
1.8,0.7,1.26,1.25329
1.8,0.8,1.44,1.41788
1.8,0.9,1.62,1.57746
1.8,1,1.8,1.73161
1.8,1.1,1.98,1.87995
1.8,1.2,2.16,2.02216
1.8,1.3,2.34,2.15795
1.8,1.4,2.52,2.28708
1.8,1.5,2.7,2.40938
1.8,1.6,2.88,2.5247
1.8,1.7,3.06,2.63293
1.8,1.8,3.24,2.734
1.8,1.9,3.42,2.82789
1.9,-2,-3.8,-3.09873
1.9,-1.9,-3.61,-3.00095
1.9,-1.8,-3.42,-2.89598
1.9,-1.7,-3.23,-2.78384
1.9,-1.6,-3.04,-2.66456
1.9,-1.5,-2.85,-2.53824
1.9,-1.4,-2.66,-2.40501
1.9,-1.3,-2.47,-2.26502
1.9,-1.2,-2.28,-2.11849
1.9,-1.1,-2.09,-1.9657
1.9,-1,-1.9,-1.80694
1.9,-0.9,-1.71,-1.64258
1.9,-0.8,-1.52,-1.47303
1.9,-0.7,-1.33,-1.29877
1.9,-0.6,-1.14,-1.12029
1.9,-0.5,-0.95,-0.938148
1.9,-0.4,-0.76,-0.752946
1.9,-0.3,-0.57,-0.56531
1.9,-0.2,-0.38,-0.375895
1.9,-0.1,-0.19,-0.185382
1.9,6.38378e-16,1.21292e-15,0.00553709
1.9,0.1,0.19,0.196164
1.9,0.2,0.38,0.385803
1.9,0.3,0.57,0.573768
1.9,0.4,0.76,0.759391
1.9,0.5,0.95,0.942032
1.9,0.6,1.14,1.12108
1.9,0.7,1.33,1.29597
1.9,0.8,1.52,1.46616
1.9,0.9,1.71,1.63117
1.9,1,1.9,1.79057
1.9,1.1,2.09,1.94398
1.9,1.2,2.28,2.09106
1.9,1.3,2.47,2.23153
1.9,1.4,2.66,2.36516
1.9,1.5,2.85,2.49175
1.9,1.6,3.04,2.61116
1.9,1.7,3.23,2.72331
1.9,1.8,3.42,2.82811
1.9,1.9,3.61,2.92556
